video_id,datetime,title
I0Tv1eF7EWs,2024-12-10T20:00:08Z,LA SUSTANCIA: La Historia en 1 Video
IL5jNFMBoMk,2024-12-03T23:16:50Z,ARCANE (Temporada 1) La Historia en 1 Video
ws7B6-odAiA,2024-11-14T19:45:02Z,Deadpool &amp; Wolverine : La Historia en 1 Video
65L8TwOMiL8,2024-10-29T21:00:04Z,"Terrifier (La 1, la 2 y el Origen) La Historia en 1 Video"
6yxIG_QUYxs,2024-10-15T19:00:03Z,Silent Hill 1 y 2 : La Historia en 1 Video
hRnKW9tU1L8,2024-10-05T02:17:37Z,INTENSA MENTE 2 : La Historia en 1 Video
REgaws8m5Es,2024-09-28T19:00:13Z,SRA INFLUENCER : La Historia en 1 Video (No es lo que Parece)
FtyBNOoLhcY,2024-09-21T20:15:01Z,BAMBI 1 y 2 : La Historia en 1 Video
r1fS8BLi__g,2024-09-14T18:37:28Z,FURIOSA de la Saga Mad Max : La Historia en 1 Video
rvrBec5nT0g,2024-08-30T19:30:05Z,BLADE : La Saga en 1 Video
MthFZkjvlR4,2024-08-25T22:20:34Z,Click Perdiendo el Control : La Historia en 1 Video
VeeDYucuby0,2024-08-19T03:11:16Z,Monsters INC + University
WtND_gu3awM,2024-08-02T21:02:27Z,Escenas en Películas que me Aterrorizaron de Niño I Fedewolf
wAwwDdRgDrg,2024-07-27T23:56:12Z,Madame Web : La Historia en 1 Video
20rkPu2K7wo,2024-07-21T18:15:00Z,La Niebla : La Historia en 1 Video
KNDH3a7aTfs,2024-07-12T19:00:06Z,Naruto Shippuden (Hasta la Saga de Pain) : La Historia en 1 Video
BgjDmxfjgK4,2024-07-06T00:41:39Z,Un Lugar en Silencio 1 y 2 : La Historia en 1 Video
yc_uaLdmiPY,2024-06-24T21:58:55Z,Caricaturas Favoritas de la Infancia I Fedewolf
wLtAJEOwzB4,2024-06-15T00:30:30Z,X-MEN 97 : La Historia en 1 Video
4WzxR5FTEf0,2024-06-06T22:51:33Z,La Primera Película de Disney : Blanca Nieves I La Historia en 1 Video
iJsSJGRfPFU,2024-06-02T18:00:19Z,Toy Story : La Saga en 1 Video
Yc8bzFMFY20,2024-05-29T18:29:57Z,Fallout La Serie : La Historia en 1 Video
AiitIlx5RV0,2024-05-23T19:22:43Z,MAD MAX  : La Saga en 1 Video (Las de Mel Gibson y Tom Hardy)
Ns8Hnyt4vlM,2024-05-11T23:14:38Z,Tren a Busan 1 y 2 : La Historia en 1 Video
3rciVD6Iri8,2024-04-21T02:31:20Z,¡Necesitamos Hablar! I Fedewolf
frro0nshoe4,2024-04-13T00:30:17Z,El Cadav3r de la Novia : La Historia en 1 Video
YNYYHVH6Mag,2024-04-05T19:00:15Z,Alien vs Depredador : La Historia en 1 Video
NfaA8TqKMMM,2024-04-01T01:16:17Z,Los 4 Fantásticos 1 y 2 (Del 2005) La Historia en 1 Video
taP03qa3WqA,2024-03-22T19:15:01Z,Dragon Ball Super : Super Hero I La Historia en 1 Video
5Ha3u1Udxwo,2024-03-16T19:13:41Z,Kung Fu Panda : La Trilogia en 1 Video
SJHnEhhpL34,2024-03-10T02:32:08Z,Transformers El Despertar de las Bestias : La Historia en 1 Video
FRSw0aujoUk,2024-03-01T03:12:04Z,DUNE : La Historia en 1 Video
bZO7U-i6V0k,2024-02-22T20:00:13Z,John Wick 4 : La Historia en 1 video
1KTsV09jHPU,2024-02-15T20:00:02Z,Cómo Entrenar a tu Dragon : La Saga en 1 Video
68HtAlIkV8k,2024-02-10T18:28:09Z,La Sociedad de la Nieve : La Historia en 1 Video
nDfn-o2Pr_8,2024-02-02T16:47:28Z,Loki Temporada 2 : La Historia en 1 Video
8CYOAH2i4io,2023-12-31T02:00:02Z,Mis Películas Favoritas del 2023 I Fedewolf
8HvM_S3ts90,2023-12-27T18:16:51Z,La Era de Hielo : La Saga en 1 Video
U6FPuHu7zxQ,2023-12-16T00:37:44Z,Fast X : La Historia en 1 Video
RX7c0m-C7PM,2023-12-09T19:00:11Z,Blue Beetle : La Historia en 1 Video
V2wQSb4eoTc,2023-12-02T19:24:34Z,Háblame : La Historia en 1 Video
rgecJKl6C-8,2023-11-25T21:06:51Z,Five Nights at Freddy&#39;s La Película : La Historia en 1 Video
zSfJXzXgBcs,2023-11-18T00:10:20Z,Los Juegos del Hambre : La Saga en 1 Video
rSoqV_LT5Kc,2023-11-10T15:56:24Z,Las 3 Marvels : La Saga en 1 Video (Historia Previa a The Marvels)
zR3s32jhM3w,2023-11-02T19:30:08Z,Hasta el Viento Tiene Miedo : La Historia en 1 Video (Especial 2 de Noviembre)
W7UA1ZJkEok,2023-10-27T22:59:32Z,Camino Hacia el Terror (En Orden Cronológico) La Saga en 1 Video
mTLObWA1HJM,2023-10-21T02:03:36Z,Destino Final : La Saga en 1 Video
yu7EHJjumwI,2023-10-07T00:39:06Z,The Flash (El Fin del DCEU) La Historia en 1 Video
rSnJduwLyLs,2023-09-30T21:00:33Z,BARBIE : La Historia en 1 Video
y5PZCMfVrlg,2023-09-23T02:46:09Z,One Piece (NETFLIX)  La Historia en 1 video
kjxa1gBjjoo,2023-09-15T20:52:30Z,Chabelo y Pepito : La Saga en 1 video
yiAYHfzbse8,2023-09-01T19:46:05Z,Cars : La Saga en 1 Video
5mR0PoMgGkc,2023-08-26T19:00:05Z,Alien : La Saga en 1 Video (En Orden Cronológico)
-oRkefl5RMY,2023-08-16T20:51:13Z,Spider-Man A través del Spider Verso : La Historia en 1 Video
487WL2-sXhA,2023-08-12T19:19:03Z,Un Tiburón Gigante I Megalodón : La Historia en 1 Video
ivRG9d_189Y,2023-08-08T22:37:39Z,Guardianes de la Galaxia Vol 3: La Historia en 1 Video
IsUUeH7MS_s,2023-08-02T21:00:08Z,Los Espectros (Muertos de Miedo) La Historia en 1 Video
KqTDC3380wI,2023-07-30T16:04:47Z,Avatar El Camino del Agua : La Historia en 1 Video
Dx4yQjXctOs,2023-07-26T00:56:54Z,El laberinto del Fauno : La Historia en 1 Video
A3HJqILbJU4,2023-07-20T23:29:19Z,The Menu (Un cheff muy perturbador) : La Historia en 1 Video
9DuhwlCmPK0,2023-07-16T02:44:11Z,Misión Imposible : La Saga en 1 Video
jc0GXlgGbZY,2023-07-13T02:45:14Z,Las 5 Mejores Películas de Tom Cruise I FEDELOBO
1cJpWY8ixC8,2023-07-07T22:00:00Z,La Ballena : La Historia en 1 Video
v-pEUwPzbj8,2023-06-17T19:59:00Z,La Sirenita (La Animada) La Historia en 1 Video
uSJeRMMtP_g,2023-06-16T00:42:12Z,Evil Dead Rise : La Historia en 1 Video
9doAXdfE9dg,2023-06-07T19:07:45Z,Super Mario Bros La Película del 2023 : La Historia en 1 Video
i4WociowlGo,2023-06-02T19:01:22Z,Top 5 Mejores Películas Basadas en VideoJuegos I Fedewolf
j-ErEk9Py_E,2023-05-28T02:34:17Z,Ant Man y la Avispa Quantumanía : La Historia en 1 Video
3_U1kmBYYyM,2023-05-24T01:46:41Z,El Gato Con Botas : La Saga en 1 Video
b01kgUqEv1A,2023-05-18T18:36:39Z,Rápidos y Furiosos 9 : La Historia en 1 Video
EWz1LnfdveU,2023-05-13T19:00:08Z,M3GAN : La Historia en 1 Video
Af6EWnni3bI,2023-05-07T16:45:00Z,Pequeños Gigantes : La Historia en 1 Video
2_mUkLYYjHg,2023-05-04T19:00:03Z,Pequeños Traviesos (Little Rascals) La Historia en 1 Video
gLsYEOJGYy8,2023-04-30T02:59:30Z,Mandalorian Temporada 3 : La Historia en 1 Video
4k-C8ayi8SI,2023-04-23T01:49:33Z,El Libro de Boba Fett : La Historia en 1 Video
bhtaQgjkIyA,2023-04-08T00:35:32Z,Piratas del Caribe : La Saga en 1 Video
b640DGFX52c,2023-03-23T03:44:02Z,Charlie y la Fabrica de Chocolate : La Historia en 1 Video
X1axGl0aJAg,2023-03-19T00:45:01Z,SCREAM 5 : La Historia en 1 Video
APpsXYvsQt4,2023-03-15T22:16:29Z,The Last Of Us La Serie :  La Historia en 1 Video
C7k5Ghfg5O8,2023-03-04T20:10:47Z,Top Gun Maverick : La Historia en 1 video
fvf7VzPPTHQ,2023-03-02T00:02:57Z,The Mandalorian Temporada 1 y 2 : La Historia en 1 Video
FF3utztAjQ0,2023-02-21T18:45:01Z,El Angel Malvado : La Historia en 1 Video
9sLKE7REvrU,2023-02-14T18:15:00Z,Conoces a Joe Black : La Historia en 1 Video
dJK5ShlfnN4,2023-02-08T18:57:23Z,Wakanda Forever : La Historia en 1 Video
YZK9WSMrRWU,2023-02-04T00:45:08Z,Smile : La Historia en 1 Video
iE5kWCsYW8c,2022-12-23T21:30:02Z,Las Peores películas / Series del 2022 I FEDEWOLF
C4_xqWxt6aU,2022-12-22T01:26:03Z,Pinocho de Guillermo del Toro : La Historia en 1 Video
1ZO0AY8Qtys,2022-12-17T17:15:00Z,AVATAR : La Historia en 1 Video
iX1vPkwmPoY,2022-12-15T03:09:01Z,Merlina (La Miercoles) Temporada 1 : La Historia en 1 Video
-7MIB1fIxdA,2022-12-01T01:31:09Z,ROBOTS : La Historia en 1 Video
fQtRn6vAA_4,2022-11-24T23:55:41Z,Guerra Mundial Z : La Historia en 1 Video
YMHfzD4qmIk,2022-11-19T22:30:02Z,Man of Steel : La Historia en 1 Video
ONePvXVcw6k,2022-11-16T23:45:12Z,Las Leyendas : La Saga en 1 Video I Fedewolf
lzwgZNvK81o,2022-11-08T19:32:58Z,BARBARO : La Historia en 1 Video
O9jeWLiFUZk,2022-11-03T22:12:47Z,Chucky La Serie Temporada 1 :La Historia en 1 Video
33b_N1GIsWs,2022-10-27T23:32:33Z,El Títere: La Historia en 1 Video
y1JuFp3kngk,2022-10-21T18:41:20Z,She Hulk : La Historia en 1 Video
cWk7keD7aSw,2022-10-18T23:59:14Z,Shutter (Están Entre Nosotros) : La Historia en 1 Video
D0pBRyGHrKU,2022-10-15T17:00:10Z,Teléfono Negro: La Historia en 1 Video
RhjIFogZoPs,2022-10-12T01:57:11Z,Halloween Kills : La Historia en 1 Video
BWtDpQho4Fo,2022-10-06T19:58:41Z,Estrenos de Películas y Series Octubre 2022 I Fedewolf
anGC2UXvFfg,2022-10-04T01:34:43Z,Mean Girls (Chicas Pesadas) La Historia en 1 Video
QSmjXgB4Mv0,2022-10-01T19:27:43Z,Pacific Rim 1 y 2 : La Historia en 1 Video
OBlCmLiRwOo,2022-09-29T03:39:03Z,Star Wars Rogue One : La Historia en 1 Video
OcHskHQkVg4,2022-09-24T18:30:24Z,Baby Driver : La Historia en 1 Video
q9CBqEtT4xc,2022-09-21T02:32:51Z,Una película de Huevos : La Saga en 1 Video
9oFh6WUWU0Q,2022-09-18T16:50:27Z,Y tu mamá También : La Historia en 1 Video
2fZn185DPnM,2022-09-11T00:15:00Z,Thor Love and Thunder : La Historia en 1 Video I Fedewolf
ggGINmj5EQE,2022-09-08T21:01:43Z,El Señor de los Anillos : La Saga en 1 Video I Fedewolf
HX9I9tiXNpg,2022-09-03T03:41:43Z,Estrenos de Películas y  Series en Septiembre I Fedewolf
TDP4QSRuYZw,2022-08-31T19:15:00Z,Jurassic World Dominion : La Historia en 1 Video
88XftZKXY9s,2022-08-29T20:45:01Z,Todo en Todas Partes Al Mismo Tiempo : La Historia en 1 Video
AdEU926GUCo,2022-08-27T00:03:41Z,PREY (DEPREDADOR 2022) La Historia en 1 Video
Tw61ZcDSxUw,2022-08-23T22:01:14Z,Lightyear : La Historia en 1 Video
KsP6O5meVDQ,2022-08-20T02:00:45Z,Hulk (La del 2003) La Historia en 1 video
BbqU4eZsk_8,2022-08-16T23:57:27Z,INTERSTELLAR : La Historia en 1 Video
QMTZ6iMNIIY,2022-08-13T19:31:17Z,Her : La Historia en 1 Video
IA6myj_ADV4,2022-08-11T00:13:28Z,Ambulancia (Un Atraco Termina Mal) :  La Historia en 1 Video
BG79EQKPvYo,2022-08-06T16:00:07Z,The Northman : La Historia en 1 Video
B979QAcIIAs,2022-08-03T22:16:25Z,Estrenos de Películas y Series en Agosto I Fedewolf
hKRxB2ispXY,2022-07-23T19:02:24Z,La Tostadora Valiente : La Historia en 1 Video
rHyZbe0B_QA,2022-07-17T00:09:05Z,Spirit : La Historia en 1 Video
YqSRPs4F-9M,2022-07-14T23:03:47Z,Rango : La Historia en 1 Video
zU6q5KMvzyQ,2022-07-09T23:20:28Z,Morbius : La Historia en 1 Video
yV6iqMFTckE,2022-07-07T18:00:21Z,Sonic 2 : La Historia en 1 Video
lG83Tot31Ss,2022-06-29T00:55:18Z,Dr Strange en el Multiverso de la Locura : La Historia en 1 Video
pZe3i65FUH4,2022-06-24T02:33:19Z,Stranger Things Temporada 4 : La Historia en 1 Video
pFT7w11GsMw,2022-06-20T22:37:10Z,Jurassic World 1 y 2 : La Historia en 1 Video
GTmWx3fVj0g,2022-06-11T18:05:02Z,Jurassic Park (La Primera Trilogía)  La Saga en 1 Video
4ZZKZqAEcDI,2022-06-09T00:26:45Z,Mis 5 Películas Animadas Favoritas I Fedewolf
4xKyx2R-1SM,2022-06-02T01:53:00Z,Chip y Dale Al Rescate: La Historia en 1 Video
pBUj27jVKGY,2022-05-28T18:00:13Z,VelociPastor : La Historia en 1 Video
VoJ-ji97068,2022-05-26T04:47:40Z,"Stranger Things (Temporada 1, 2 y 3) La Saga en 1 Video"
LsT3FnW-F5E,2022-05-14T02:42:00Z,Eternals : La Historia en 1 Video
hhVgBlrGhGU,2022-05-11T02:26:16Z,Top 5 Películas de Madres I Fedewolf
OUX5V14QJ3g,2022-05-08T02:38:00Z,Moon Knight : La Historia en 1 Video
TOD8Z2bDh14,2022-05-04T18:13:15Z,Las 5 Producciones Más Exitosas de NETFLIX I Fedelobo
cC2CpurWZ5c,2022-05-03T00:45:32Z,La Familia Mitchell vs  Las Máquinas : La Historia en 1 Video
7UN5fVQNHOs,2022-04-23T19:27:24Z,The Batman : La Historia en 1 Video
uJirsETTCRc,2022-04-21T18:45:08Z,The Su¡cide Squad : La Historia En 1 Video
iud7aMezJTE,2022-04-16T03:08:49Z,Animales Fantásticos 1 y 2: La Historia en 1 Video
k3jV4zJzcTE,2022-04-10T16:36:45Z,Turning Red : La Historia en 1 Video
UmwqLrotYjo,2022-04-05T16:33:47Z,Van Helsing : La Historia en 1 Video
mocEBZe_pGM,2022-03-31T01:29:31Z,Las Películas de Jurassic Park I De la Peor a la Mejor
i4tl8biEmrk,2022-03-27T03:02:50Z,Street Fighter La Película : La Historia en 1 Video
SwBBwY-kyYM,2022-03-24T21:38:13Z,Spider-Man No Way Home : La Historia en 1 Video
phK-xS4tgp4,2022-03-10T21:43:44Z,Shang - Chi : La Historia en 1 Video
vjjfd9mAp4Q,2022-03-02T00:01:14Z,Los Estrenos de Películas y Series de Marzo en 1 Video I FEDEWOLF
abgWRcyXrpU,2022-02-24T00:51:22Z,Free Guy : La Historia en 1 Video
BCBaJWv1p_o,2022-02-22T00:27:02Z,Scarface : La Historia en 1 Video
ZllAogCwfrI,2022-02-19T02:30:03Z,Ratatouille : La Historia en 1 Video
Y5tXyvS2T4w,2022-02-14T20:46:45Z,Eterno Resplandor de una Mente sin Recuerdos : La Historia en 1 Video
uoaVSWesbWM,2022-02-10T21:11:14Z,Venom Carnage Liberado: La Historia en 1 Video
VwVgOPjcXzc,2022-02-08T23:36:10Z,Encanto : La Historia en 1 Video
dvagsCgtH_c,2022-02-04T20:00:26Z,Las Películas más Esperadas del 2022 I Fedewolf
Z1eugR9jtlI,2022-02-01T22:30:03Z,Scream : La Saga en 1 Video I Fedewolf
f6rrixCL2RI,2021-12-31T16:32:20Z,Las 5 Mejores Películas del 2021
YZ0YGdoaiFw,2021-12-30T18:32:40Z,Mortal Kombat 2021 : La Historia en 1 Video
gS6dX6GcKZw,2021-12-28T17:30:10Z,El Expreso Polar : La Historia en 1 Video
aJEOqLu33As,2021-12-24T04:56:45Z,Freddy vs Jason: La Historia en 1 Video
pcAJFIrK9OU,2021-12-15T15:15:02Z,Spider-Man Los 3 Universos en 1 Video I Fedewolf (RESUMEN DE LAS TRILOGIAS ANTERIORES)
7xrJ50iZmiw,2021-12-04T03:51:41Z,El Pianista : La Historia en 1 Video
WiZogOFylhc,2021-11-20T18:15:05Z,Los Cazafantasmas : La Historia en 1 Video
YtY00wyudyc,2021-11-11T01:31:54Z,Beetlejuice : La Historia en 1 Video
QTD6hzt6qmI,2021-11-04T02:43:48Z,Macario : La Historia en 1 Video
8wGscl7dMzg,2021-10-31T22:15:44Z,La Saga de Freddy Krueger (Pesadilla en la Calle Elm)  : La Saga en 1 Video
dq5qR_u3_Ek,2021-10-29T01:59:01Z,Drácula : La Historia en 1 Video
9PYv2KjORaY,2021-10-26T01:28:46Z,Jeepers Creepers : La Saga en 1 Video
ypwNm1qc3sc,2021-10-23T01:43:17Z,La Cosa (The Thing) La Historia en 1 video
dcgiwTESVhs,2021-10-20T00:03:23Z,Cruella : La Historia en 1 Video
YRgtpEio64g,2021-10-16T23:29:52Z,BLΔCK WIDOW : La Historia en 1 Video FT Por Si No Lo Viste
XUMzCBD1_L4,2021-10-12T19:41:16Z,Minions : La Historia en 1 Video
rovaUu_VIKI,2021-10-07T03:41:05Z,EL JUEGO DEL CΔLΔMΔR  : La Historia en 1 Video
cRKdsrY1wb4,2021-10-01T02:11:40Z,Depredador : La Saga en 1 Video
OgK58CTfc2E,2021-09-18T02:08:28Z,El Chanfle 1 y 2 : La Historia en 1 Video
0Nu8VoWdG7w,2021-09-15T23:16:50Z,La Dictadura Perfecta : La Historia en 1 Video
8Gk0ZnyK6ic,2021-09-05T20:13:49Z,El Hombre de la Máscara de Hierro : La Historia en 1 Video
Y9SYEHLNKAA,2021-08-31T22:50:46Z,Las Mejores Películas del 2021 (Hasta Ahora) I Fedewolf
T5i7DF3slr4,2021-08-28T18:00:05Z,La Tumba de las Luciérnagas : La Historia en 1 Video
vOZmIY_o50k,2021-08-21T18:00:29Z,Jojo´s Stardust Crusaders : La Historia en 1 Video
hSPWdQtuhAo,2021-08-17T22:01:18Z,Spawn : La Historia en 1 Video
C2qJvG0edrI,2021-08-14T19:30:00Z,Las 5 Mejores Películas de Spider-Man I FEDEWOLF
XDYcJt-GPNc,2021-08-10T00:21:01Z,Mi Villano Favorito : La Historia en 1 Video
tIScWmh7h0A,2021-07-29T01:00:11Z,La Calle del Terror (La Trilogía) La Historia en 1 Video
OZ0o3oNubqs,2021-07-24T19:30:01Z,Hasta el Último Hombre : La Historia en 1 Video
m-8qvj5aX7E,2021-07-20T22:29:50Z,BumbleBee : La Historia en 1 Video
5tDz3EwNFjE,2021-07-14T23:08:33Z,Loki : La Historia en 1 Video
9F5ViSyeQbk,2021-07-06T23:42:25Z,Exterminio 1 y 2 (28 Días Después) La Historia en 1 Video
x6nSqMpr1uA,2021-06-30T22:25:38Z,Bloopers en Fedewolf #3 Edición 2021
YIm20WDvxlY,2021-06-10T19:57:11Z,Batman The Dark Knight Rises : La Historia en 1 Video
wIC5U5DEijc,2021-06-05T01:46:13Z,Batman El Caballero de la Noche : La Historia en 1 Video
NCtIUkkGgSI,2021-06-02T01:04:28Z,Batman Inicia : La Historia en 1 Video
rSa_8vs1ON4,2021-05-22T18:00:27Z,Crepúsculo: La Saga en 1 video
2M3JmA5iNoc,2021-05-13T18:15:00Z,Las PEORES películas de DC I FEDEWOLF
sR__ISQd3A0,2021-05-09T18:00:10Z,María Isabel : La Historia en 1 Video (Especial Día de las Madres)
H9kF0EyMtFE,2021-05-07T01:24:52Z,El Perfume: La Historia en 1 Video
eGNkEIEXfQ0,2021-05-02T17:30:03Z,Los Caballeros del Zodiaco La Saga  Hades : La Historia en 1 Video
kfWsEiM4vtw,2021-04-26T23:40:44Z,¿Quién engañó a Roger Rabbit? La Historia en 1 Video
01YoSjeByDk,2021-04-24T00:09:39Z,Falcon y el Soldado del Invierno : La Historia en 1 Video
roEVg8eJbbI,2021-04-11T01:00:06Z,La Naranja Mecánica: La Historia en 1 Video
1kV_spUZH44,2021-04-08T02:57:24Z,Pelusa Caligari: La Historia en 1 Video
V-DJ64Cvj9U,2021-04-05T01:59:02Z,María la Del Barrio : La Historia en 1 Video (RESUBIDO)
J9ISP75DpeI,2021-03-31T20:46:50Z,Las 5 Mejores Películas de DC I Fedewolf
nZrvEUbvgJg,2021-03-20T18:00:53Z,Snyder Cut Justice League : La Historia en 1 Video
IXxdLzHImic,2021-03-13T23:15:55Z,Atlantis: La Historia en 1 Video
NrTVtRyxfxM,2021-03-10T01:54:28Z,Los Caballeros del Zodiaco: Las 4 Películas en 1 Video
dzZf0PELfNY,2021-03-06T17:00:11Z,WandaVision : La Historia en 1 Video
sgkJEFIL02g,2021-02-22T22:29:14Z,Naruto : La Historia en 1 Video I Fedewolf
dcAk93IhS1Y,2021-02-10T01:13:15Z,Las Mejores Peliculas de Amor I Fedewolf
Ai52au7EOpQ,2021-02-08T03:14:28Z,Las Películas más Esperadas del 2021 I Fedelobo
y-w5Y96uW6k,2020-12-31T19:41:54Z,Las 5 Mejores Películas del 2020 I Fedewolf
puhYWeRQR9U,2020-12-29T22:20:01Z,Gambito de Dama: La Historia en 1 Video
0aYmaOvsj4Q,2020-12-27T22:52:22Z,Intensa-Mente : La Historia en 1 Video
jCSrM7kLBuo,2020-12-19T17:50:36Z,Wonder Woman: La Historia en 1 Video
uuKshYjbvJs,2020-11-01T04:39:30Z,It Parte 2: La Historia En 1 Video
zgD9-hilawU,2020-10-30T01:13:04Z,Las Brujas: La Historia en 1 Video
SvDPrRr8EI4,2020-10-28T03:34:16Z,Evil Dead: La Saga en 1 Video
qlY38ehPkic,2020-10-25T18:56:17Z,Hereditary: La Historia en 1 Video
URXGGqoIQT8,2020-10-24T01:43:25Z,Chucky (El Remake del 2019) La Historia en 1 Video
pUrp51sfFuo,2020-10-20T17:42:23Z,Midsommar: La Historia en 1 Video
cb4mW_SfYlg,2020-10-10T19:07:47Z,RoboCop: La Saga en 1 Video
vNKpoz_vAT0,2020-10-08T01:03:38Z,Watchmen: La Historia En 1 Video
Yh2QQazTOno,2020-10-03T17:31:03Z,300 El Nacimiento de un Imperio: La Historia en 1 Video
7PVJJJUxEKo,2020-10-01T22:20:46Z,Hey Arnold La Película: La Historia en 1 Video
1uodBNAPAFI,2020-09-21T21:16:26Z,El Diablo Viste a La Moda: La Historia en 1 Video
XzpuQZC8UIY,2020-09-16T18:39:24Z,El Infierno: La Historia en 1 Video
hz6O2gbywLQ,2020-09-13T22:00:10Z,Matando Cabos: La Historia en 1 Video
wfpVG4hYuKA,2020-09-11T19:27:13Z,Perfume de Violetas: La Historia en 1 Video
wVdEmXi_iZ0,2020-08-31T21:08:13Z,300 : La Historia en 1 Video
Z-i9Uj0oe6g,2020-08-19T01:28:50Z,Shaolin Soccer: La Historia en 1 Video
85VjdakToTs,2020-08-15T00:33:24Z,Hércules: La Historia en 1 video
CUgrup8AMeI,2020-08-01T22:00:04Z,Wolverine: La Saga en 1 Video
R8Q73aVwfnU,2020-07-30T23:16:20Z,Los Capítulos más raros de Ren y Stimpy I Fedewolf
tkKlGohE7y4,2020-07-08T01:04:15Z,Power Rangers La Película:  La Historia en 1 Video I Ft The Covers Duo
fj7O1OeZvJg,2020-06-28T17:15:01Z,Jojo Rabbit: La Historia en 1 Video
wkOaR6ERTpE,2020-06-25T20:21:02Z,Top Gun: La Historia en 1 Video (Tom Cruise Piloto)
wtjEWKVKiJ0,2020-06-20T18:39:30Z,Kingsman :La Saga en 1 Video Fedewolf
RzNweUUu7RU,2020-06-15T00:49:05Z,¿Qué Pasó Ayer? La Saga en 1 Video
NmDQKbc5wXk,2020-06-12T19:32:06Z,Django Sin Cadenas: La Historia en 1 Video
IncsdjAgwJ0,2020-06-08T19:01:44Z,Señales: La Historia en 1 Video
kECYJKi289E,2020-06-02T21:59:06Z,5 Sagas de Películas Inconclusas I Fedewolf
mce9mDNG8Ms,2020-05-23T01:22:45Z,Bloopers en Fedewolf #2 (Edicion 2020)
oWoyqlmrUmk,2020-05-14T02:17:38Z,Rubí: La Historia en 1 Video (Resubido)
EpALqEk9T1k,2020-05-10T01:55:35Z,Kill Bill Vol 1 y 2: La Historia en 1 video
E69tFcGVHC4,2020-05-07T03:25:18Z,Cuidado Bebé Suelto: La Historia en 1 Video
R2Get7BSROs,2020-05-05T00:05:44Z,Los Otros: La Historia en 1 Video
QL-dTy-Pby8,2020-04-29T01:19:57Z,Broly Dragon Ball Super: La Historia en 1 Video
oiPM60UAtuk,2020-04-23T21:33:25Z,Resident Evil : La Saga en 1 video (Parte 1)
q5R8PEuNntI,2020-04-21T01:11:00Z,Shrek: La Saga en 1 video (Resubido)
BWuPUIBC33M,2020-04-13T21:44:54Z,Contagio: La Historia en 1 Video
vM8JNR54XIM,2020-04-08T01:54:35Z,Volver al Futuro: La Saga en 1 Video
wbej-m5BDQc,2020-04-03T20:05:12Z,Ready Player One: La Historia en 1 Video
RmAMSHxThu4,2020-03-24T18:00:07Z,Escuadrón Suicida: La Historia En 1 Video
8heESV6kr1g,2020-03-14T00:12:34Z,Élite: La Historia en 1 video (Temporada 1 y 2)
SsSW2_6m714,2020-03-04T19:00:03Z,Forrest Gump: La Historia en 1 Video
0p9QRCUH3oc,2020-02-15T00:56:21Z,10 Cosas que Odio de Ti: La Historia en 1 Video (Especial 14 de Febrero)
NLCDBpIIxJ0,2020-02-13T02:04:26Z,500 Días con Ella: La Historia en 1 Video
kbBKfhvkj80,2020-02-10T19:35:49Z,Yo Antes de Ti: La Historia en 1 Video
bRm0lh99fsU,2020-01-31T19:00:05Z,La Ley de Herodes: La Historia en 1 video
bDVpV1ZQN9A,2020-01-29T01:02:26Z,Zootopia: La Historia En 1 Video
AmH_K2rIGw4,2020-01-25T19:30:00Z,Los 5 Mejores Capítulos de Malcolm el de en Medio I Fedewolf
QJqnNNz2TPI,2020-01-17T19:40:53Z,Gigantes de Acero: La Historia en 1 Video
FonW2ULb2uQ,2020-01-15T20:37:23Z,Gladiador: La Historia en 1 Video
WxkQjvQMU7w,2020-01-08T20:39:27Z,Harry Potter: La Saga en 1 Video (PARTE 2)
xNRDwGFx47s,2019-12-31T00:35:32Z,Las 5 Mejores Películas del 2019 I Fedewolf
Qkh3ldJ8fEM,2019-12-28T01:04:57Z,El Regalo Prometido: La Historia en 1 Video
S5txsMCZYzI,2019-12-25T22:39:07Z,El Grinch: La Historia en 1 Video (Especial de Navidad)
XHu7TNgSj-c,2019-12-23T21:39:27Z,El Extraño Mundo de Jack: La Historia en 1 Video
fBRa5fkYkC8,2019-12-21T22:37:03Z,El Joven Manos de Tijera: La  Historia en 1 video
UTa5y_HvvSw,2019-12-20T20:10:16Z,Harry Potter: La Saga en 1 Video (PARTE 1)
49OYg9xEhDo,2019-12-18T01:39:38Z,Star Wars Episodios 7 y 8: La Saga en 1 Video
I6vMUoqBJcI,2019-12-13T23:50:09Z,"Star Wars:(Trilogia Precuelas Episodio 1,2 y 3) La Saga en 1 Video"
N1vgMs0BZfQ,2019-12-11T19:00:04Z,John Wick 3 Parabellum: La Historia en 1 Video
ZrkXeqjHrjI,2019-12-08T00:24:25Z,"Star Wars (Trilogia Clásica Episodios 4, 5 y 6) : La Historia en 1 Video"
QosbGcWC2G0,2019-12-06T03:27:51Z,Jojo&#39;s Bizarre Adventure: La Historia en 1 Video (Primera Parte)
M-1y16lXczw,2019-11-15T19:15:01Z,Los Increíbles: La Saga en 1 Video
XhbUUS1GT0Q,2019-11-09T23:00:03Z,Rescatando al Soldado Ryan: La Historia en 1 Video
Ph1Ve8mZ1aE,2019-11-02T18:35:31Z,Terminator: La Saga en 1 Video
7p-0Afoy3xI,2019-11-01T02:14:00Z,Viernes 13: La Saga en 1 Video (Especial de Halloween)
bfuCnYjuilU,2019-10-30T21:08:35Z,La Purga (La Noche de la Expiación) La Saga en 1 Video
WYYhc4pPpmA,2019-10-27T21:22:04Z,SAW El Juego del Miedo: La Saga en 1 Video
C09I3c4ThuI,2019-10-26T03:27:17Z,Anabelle 3: La Historia en 1 Video
A4c971FS5WE,2019-10-22T23:02:30Z,Halloween de 2018: La Historia en 1 Video
lm009ZKT0R0,2019-10-17T23:45:32Z,Insidious (La Noche del Demonio) I La Saga en un Video
6obLDC4t0hs,2019-10-15T16:50:34Z,Sexto Sentido: La Historia en Un Video
JurjLjXXJQc,2019-10-11T21:00:03Z,Soy Leyenda: La Historia en 1 Video
bZLkncUw7ZE,2019-10-08T20:49:26Z,Nacho Libre: La Historia en 1 Video
S87ylpSD5jU,2019-10-01T19:30:01Z,Top películas Anime de Amor I Fedewolf
BIQtEALIzMI,2019-09-28T19:22:33Z,FRIENDS: La Historia en 1 Video
PnT4mlVuS4k,2019-09-21T00:30:41Z,Rambo: La Saga en 1 Video
8SceorVHmU0,2019-09-11T19:00:01Z,Nosotros los Nobles: La Historia en 1 Video
GhW9qltremk,2019-09-04T19:21:10Z,Camino Hacia el Dorado: La Historia en 1 Video
Quv8mQDsZC0,2019-08-30T22:11:17Z,5 Películas de Ciencia Ficcion Basadas en Libros I Fedewolf
gbj5bOBIcFo,2019-08-29T00:21:29Z,Una Voz Silenciosa: La Historia en 1 Video
VJk2IbzlyNE,2019-08-26T18:25:39Z,Batman de los 90: La Saga en 1 Video
DaChGyh5xdg,2019-08-23T23:45:00Z,13 Reasons Why Temporada 1 y 2: La Historia en 1 Video
fI_CqtIr2hg,2019-08-19T19:15:01Z,Avengers Endgame: La Historia en 1 Video
RArmzuJ5Itc,2019-08-02T00:17:14Z,Dragon Ball Super Saga Bills/Freezer: La Historia en 1 Video
3jIMCOKgaOg,2019-07-27T01:19:23Z,Inception: La Historia en 1 Video
JiqDm17yNaA,2019-07-20T17:58:45Z,REBELDE: La Historia en 1 Video
fqwbON0NCpY,2019-07-19T02:57:57Z,La Casa de Papel Temporada 1 y 2: La Historia en 1 Video
MC53xY_lL00,2019-07-13T17:30:02Z,Dragon Ball Z Saga Majin Boo: La Historia en 1 Video
m8E6fH7JCzQ,2019-07-11T20:31:25Z,Chucky: La Saga en 1 Video
IaoMwIK75sE,2019-07-08T21:49:22Z,Las 5 Peliculas Más Costosas de la Historia I Fedewolf
CtfMPSSQuPg,2019-07-06T23:21:01Z,The Amazing Spider-Man: La Saga en 1 Video
didianWXMrI,2019-06-30T01:47:22Z,Dragon Ball Z Saga de Cell: La Historia en 1 Video
DHGn-ZEUSl0,2019-06-14T22:26:09Z,Hombres de Negro: La Saga en 1 Video
ZpGT3bLDAkE,2019-06-13T22:17:41Z,Dragon Ball Z Saga Freezer: La Historia en 1 Video
wNJP98gg0Es,2019-06-08T01:57:23Z,X-men Trilogía Precuelas: La saga en un video
OVr4FsGWEB0,2019-06-05T18:56:50Z,X-Men Primera Trilogía: La Saga en 1 Video
lGJVhBJBhVQ,2019-05-26T19:56:52Z,Rocky: La Saga en 1 Video
Obh0h85SicE,2019-05-24T19:01:53Z,Dragon Ball Saga Goku Niño I La Historia en 1 Video
wv-sZn1Wev0,2019-05-18T23:05:32Z,Cobra Kai: La Historia en 1 Video
hOxUoYPEFlQ,2019-05-17T02:11:10Z,Vacaciones de Terror: La Saga en 1 Video
1b1ypXXvU9Y,2019-05-11T00:03:48Z,Viernes de Locos: La Historia en 1 Video (Especial día de las Madres)
BmWx1AlwJig,2019-05-07T23:21:50Z,Mamá: La Historia en 1 Video
elI8DwzKrfs,2019-05-04T21:29:32Z,El Gigante de Hierro: La Historia en 1 Video
mtM5jwvFaRk,2019-04-30T21:58:51Z,MATILDA: La Historia en 1 Video (Especial Día del Niño)
aco730tduK4,2019-04-24T03:51:41Z,El Universo Cinematografico de Marvel en 1 Video I Fedewolf
XwI_PPw4BDA,2019-04-19T00:41:22Z,Ant-Man and The Wasp: La Historia en 1 Video
XmWy0K9pkew,2019-04-16T23:22:42Z,Black Panther: La Historia en 1 Video #CaminoAEndgame
MO3B2h-L7Cc,2019-04-05T20:56:00Z,Cementerio de Mascotas: La Historia en 1 Video
bi04UCeXqLc,2019-04-04T00:10:10Z,The Matrix: La Saga en 1 Video
1uYFwPV_Wjg,2019-03-28T15:58:02Z,Dumbo: La Historia en 1 Video
HPF-D2FEY8c,2019-03-26T03:56:20Z,Spider-Man Un Nuevo Universo: La Historia en 1 Video
EReghnkMqis,2019-03-21T22:22:47Z,Dr Strange I La Historia en 1 Video
FCj0GH0ZGgk,2019-03-17T21:17:09Z,Sangre Por Sangre I La Historia en 1 Video
YPzbUZlFDJg,2019-03-13T17:22:18Z,Capitán America: Civil War I La Historia en 1 Video
jBxUuKbJaa8,2019-03-07T02:54:23Z,Nace una Estrella I La Historia en 1 Video
G5v0yBpoTQM,2019-02-28T02:41:30Z,ROMA: La Historia en 1 Video
qu20bckIBF8,2019-02-15T22:00:02Z,Como Si Fuera la Primera Vez I La Historia en 1 Video
DmyngB3I3ZA,2019-02-12T03:02:58Z,Your Name I La Historia en 1 Video #MaratóndelAmor
LX56L5SxFg4,2019-02-09T21:47:06Z,Guardianes de la Galaxia I La Historia en 1 Video
R1MFGpWlq_o,2019-02-07T22:44:57Z,Bichos I La Historia en 1 Video
PUrK2tTcFuM,2019-01-20T02:14:44Z,El Protegido y Fragmentado I La Historia en 1 Video
orUu7fOJ-Uc,2019-01-17T02:53:51Z,Iron Man 3 I La Historia en 1 Video
NbTKx7MEB1o,2019-01-10T04:45:07Z,Películas de Broly I La Saga en 1 Video
mIIaBWEkoAk,2018-12-31T23:30:44Z,Gracias 2018 I Fedewolf
gCGNEg5vGcw,2018-12-29T01:54:31Z,Gremlins I La Saga en 1 Video
4Aw4l46ryOM,2018-12-26T05:27:45Z,Mi Pobre Angelito I La Historia en 1 Video
nqSid_UKkgo,2018-12-21T19:12:43Z,Transformers I La Saga en 1 Video
nUD2X1HsT88,2018-12-19T00:21:43Z,Avengers I La Historia en 1 Video
_FNfo_1qojk,2018-12-12T20:31:04Z,El Rey Leon I La Historia en 1 Video
IK9Jyca5Sbo,2018-12-07T01:22:40Z,Superman Man of Steel I La Historia en 1 Video
DbLUSXkQ6Xw,2018-11-28T01:41:28Z,Juego de Gemelas I La Historia en 1 Video
Z2b9rae041Y,2018-11-11T02:48:08Z,Amarte Duele I La Historia en 1 Video
JfSWH4UAY-c,2018-11-07T01:35:08Z,Deadpool: La saga en 1 video
Sunx4uo2-PI,2018-11-02T21:15:52Z,Coco I La Historia en 1 video #MaratónFedewolf
1MHrk4eUkIM,2018-11-01T21:00:00Z,La Profecía I La Historia en 1 Video #MaratónFedewolf
WIYPJtYGVhg,2018-10-31T21:03:46Z,El Exorcista I La Historia en 1 video #MaratónFedewolf
AUth7BNIOx0,2018-10-30T23:40:33Z,El Conjuro I La saga en 1 video (En orden cronológico) #MaratónFedewolf
mcpL5hFizTg,2018-10-30T00:06:07Z,REC I La Saga en 1 Video #MaratónFedewolf
ZQdDrkAh1H8,2018-10-28T19:04:03Z,El Resplandor (The Shining) I La Historia en 1 Video #MaratónFedewolf
sD--OV_jcto,2018-10-27T20:00:02Z,El Aro I La saga en 1 video #MaratónFedewolf
9YfXfgd3u6A,2018-10-26T19:15:59Z,La Bruja de Blair I La Saga en 1 Video #MaratónFedewolf
OFQS_247Dtw,2018-10-18T23:57:58Z,Luis Miguel La Serie I Temporada 1 en un video
N89pjLWtcDM,2018-10-16T18:15:01Z,Halloween I La Saga en 1 video
Oiq6WW0mS2M,2018-09-14T17:29:45Z,El Increíble Hulk I La Historia en un video
oETZCczzQCU,2018-08-23T22:24:17Z,Avengers Infinity War: La Historia en 1 video
jtn5KiGiPUE,2018-08-09T18:57:16Z,Superman 1 y 2 La Historia I Fedewolf I
fls1gXz10lg,2018-06-02T18:34:52Z,Story Time: ¿Por qué me invitan a eventos de videojuegos?
_oaPjLzIXJw,2018-05-30T20:00:01Z,30 frases que NUNCA debes decir durante el sexo
mkcTyFUY6PA,2018-05-24T21:27:25Z,Tag de la primera vez I Fedelobo I
zykvQPQVcSY,2018-03-14T22:04:11Z,RETO: ¿Quién es más gamer de LOS NOOBS?
jiUMXICaSzk,2018-03-07T04:24:28Z,Tag de las 20 canciones I Fedelobo I
rjKzQvRSjaM,2018-03-04T01:02:09Z,30 Frases de un hombre celoso...
R8cc5SgaM1w,2018-03-01T00:40:08Z,50 cosas sobre el Jefote I Papá de Fedelobo I
0W59dMSyZdc,2018-02-25T19:57:44Z,Reto de Pesas con los Noobs ¿Quién es el más fuerte?
mfEQiz08olg,2018-02-13T02:30:01Z,5 Cosas que hemos hecho el 14 de Febrero
KWjECbL01Zc,2018-02-10T04:18:26Z,Las mamás tienen poderes...
zDiFefDiEIg,2018-01-24T02:56:22Z,5 Cosas que no debes hacer cuando conozcas a tus suegros
